record_contributor,objectid,filename,youtubeid,title,creator,date,description,subject,location,latitude,longitude,source,identifier,type,format_original,format,rightsstatement
MP,hist454-mp01,https://digital.lib.uidaho.edu/utils/getfile/collection/bunkerhill/id/385/filename/bunkerhill385.pdf,,"Operative report, January 07, 1901 [01]",Thiel Detective Service Co.,1901-01-07,"Operative discusses the local unions joining the Western Federation of Miners, the plan of the union men to quit their jobs, then scare off any prospective new non-union employees in order to force the mine owners to rehire the union men.",labor unions; hiring; labor disputes,"Shoshone County, Idaho",,,"MG 5, Stanly Easton. Papers, 1900-1916, University of Idaho Library Special Collections and Archives",MG5_F001_083,text,,application/pdf,http://rightsstatements.org/vocab/NoC-US/1.0/
MP,hist454-mp02,https://digital.lib.uidaho.edu/utils/getfile/collection/bunkerhill/id/313/filename/bunkerhill313.pdf,,"Operative report for Bunker Hill & Sullivan M. & C. Co., September 15, 1900, transcribed September 20, 1900",Thiel Detective Service Co.,1900-09-15,"Operative discusses going to Gem with Mr. Voigtlander to investigate a Sam Cassady, operative reports on union activity; two pages.",business; travel; labor unions; legal disputes; detectives,"Wardner, Idaho",,,"MG 5, Stanly Easton. Papers, 1900-1916, University of Idaho Library Special Collections and Archives",MG5_F001_008,text,,application/pdf,http://rightsstatements.org/vocab/NoC-US/1.0/
MP,hist454-mp03,https://digital.lib.uidaho.edu/utils/getfile/collection/bunkerhill/id/25/filename/bunkerhill25.pdf,,"Letter from Frederick Burbidge to F.W. Bradley, July 15, 1899 [04]","Burbidge, Frederick",1899-07-17,"Burbidge discusses a contract, settlements over the sales of lead, and work at various smelters; 2 pages, handwritten note at end.",contracts; settlements; smelting,"Kellogg, Idaho",,,"MG 367, Bunker Hill Company. Records, 1887-1984, University of Idaho Library Special Collections and Archives",MG367_85_014,text,letter,application/pdf,http://rightsstatements.org/vocab/NoC-US/1.0/
MP,hist454-mp04,https://digital.lib.uidaho.edu/digital/iiif/bar-stock/145/full/max/0/default.jpg,,Morning Mine [02],"Barnard Studio (Wallace, Idaho)",1899,"Image shows the debris of Bunker Hill and Sullivan Mill after the explosion in Wardner, Idaho [1899]. Caption on image: ""Bunker Hill Mill and other buildings were destroyed by explosion set by strikers on April 29, 1899.""",mine buildings,"Kellogg, Idaho",47.519041,-116.127031,"PG 8, Barnard-Stockbridge Collection",PG 8-X014a,Image;StillImage,8x10 black and white glass negative,image/jpeg,http://rightsstatements.org/vocab/NoC-US/1.0/
MP,hist454-mp05,https://digital.lib.uidaho.edu/digital/iiif/bar-stock/313/full/max/0/default.jpg,,"Mullan (Idaho), ""S"" bridge wreck, 1903 [01]","Barnard Studio (Wallace, Idaho)",1903,"Image shows a passenger car dangling from the broken edge of the ""S"" bridge trestle. The bridge was destroyed by a heavy snow slide. The shadow of the photographer can be seen in the lower half of the photo.",railroads; bridges; accidents; passenger cars,"Mullan, Idaho",47.471149,-115.729689,"PG 8, Barnard-Stockbridge Collection",PG 8-X253,Image;StillImage,8x10 black and white glass negative,image/jpeg,http://rightsstatements.org/vocab/NoC-US/1.0/
MP,hist454-mp06,hist454-mp001.jpg,,Hector Mine,T.N. Barnard,1912,Image shows four men and an ore car at the entrance to a mine tunnel.,mines; miners,"Hector Mine, Idaho",,,"PG 8, Barnard-Stockbridge Collection, University of Idaho Library Special Collections and Archives",PG 8-A118 F,Image;StillImage,,image/jpeg,http://rightsstatements.org/vocab/NoC-US/1.0/
MP,hist454-mp07,hist454-mp002.pdf,,Operative report for Larson & Greenough,Thiel Detective Service Co.,1900-12-19,"Details the dates by which the Operative investigated the mine, the details of individuals working at the mine, and the nationality of the workers. It also discusses the current atmosphere amongst the workers, how many are in the Union, and the power of the Union. Discusses rumors that are talked about among the men, and details the living conditions of the housing, as well information about the Janitor and steward.",labor unions; nationality; miners,"Seattle, Washington",,,"MG 5, Stanly Easton. Papers, 1900-1916, University of Idaho Library Special Collections and Archives",MG 5 1b-004,text,letter,application/pdf,http://rightsstatements.org/vocab/NoC-US/1.0/
Flick Kemp,hist454-FK01,https://digital.lib.uidaho.edu/digital/iiif/spec_hm/0/full/max/0/default.jpg,,"Maps of the Coeur d'Alene mining region, 1899 & 1909 [no. 2]","Ihrig, Henry C.; Aulbach, Adam",1899,"Map of the mining region around Cour D'Alene. It depicts various mining towns, and their relative locations, as well as the elevations and topography of the land and locations of rivers and water sources.",mining; maps; topography; land,"Coeur D'Alene, Idaho; Shoshone County, Idaho",47.473257,-115.926971,"MG 367, T17, 2712, Bunker Hill Company. Records, 1887-1984, University of Idaho Library Special Collections and Archives, http://www.lib.uidaho.edu/special-collections/",T-17i,Image;StillImage,map,image/jpeg,http://rightsstatements.org/vocab/NoC-US/1.0/
Flick Kemp,hist454-FK02,https://digital.lib.uidaho.edu/utils/getfile/collection/bunkerhill/id/55/filename/bunkerhill55.pdf,,"Letter from Frederick Burbidge to F.W. Bradley, July 26, 1899","Burbidge, Frederick",1899-07-26,"Burbidge informs Bradley on another companys uses of water. There is potential conflict between mining companies over the use of natural resources in the area, and competing companies",water rights; natural resources; mining,"Kellogg, Idaho; Shoshone County, Idaho; San Francisco, California",47.537762,-116.12682,"MG 367, Bunker Hill Company. Records, 1887-1984, University of Idaho Library Special Collections and Archives",MG367_85_042,Text,letter,application/pdf,http://rightsstatements.org/vocab/NoC-US/1.0/
Flick Kemp,hist454-FK03,https://digital.lib.uidaho.edu/digital/iiif/watkins/61/full/max/0/default.jpg,,Mountain Consolidated Mine 400 ft. level East sill floor [no. 1228],"Watkins, Carleton E.",1890,Mountain Consolidated 400 level East sill floor. Ore breast showing ore in foot wall. A depiction of a mine and miner. Visualization of the working conditions of the mining industry.,Anaconda Company; mining,"Butte, Montana; Silver Bow County, Montana",46.128746,-112.949531,PG 89 - University of Idaho Library Special Collections & Archives,89-1228,Image;StillImage,photograph,image/jpeg,http://rightsstatements.org/vocab/NoC-US/1.0/
Flick Kemp,hist454-FK04,https://digital.lib.uidaho.edu/digital/iiif/bar-stock/454/full/max/0/default.jpg,,Post Falls (Idaho),Barnard Studio,1904,Showing Falls and Sawmill on the Spokane River. Part of the logging industry.,mills; logging; dam; spokane river,"Post Falls, Idaho",47.709118,-116.953765,"PG 8, Barnard-Stockbridge Collection",PG 8-X329,Image;StillImage,8x10 black and white glass negative,image/jpeg,http://rightsstatements.org/vocab/NoC-US/1.0/
Flick Kemp,hist454-FK05,https://digital.lib.uidaho.edu/digital/iiif/bigburn/60/full/max/0/default.jpg,,"Forest Fire, 1910 - Wallace [1910]",Barnard Studio,1910,"Night time image of the fire burning buildings in Wallace, Idaho from 1910",fires; forest fires; Big Burn; debris; cities; towns,"Wallace, Idaho",47.473253,-115.925222,"PG 8, Barnard-Stockbridge Collection, University of Idaho Library Special Collections and Archives",8-B498b,Image;StillImage,black and white photograph,image/jpeg,http://rightsstatements.org/vocab/NoC-US/1.0/
Flick Kemp,hist454-FK06,hist454-FK001.jpg,,"Bull Pen, Kellog, Interior Showing Bunks and Group of Men",Barnard Studio,1899,"A group of men are gathered together in bunks, where they sleep on hay. They have been put in so called Bull Pens for fear of union association and suspected Socialist or Communist beliefs",mining; unions; prisons; bull pens; red scare,"Kellogg, Idaho; Shoshone County, Idaho",47.537762,-116.12682,"PG 8, Barnard-Stockbridge Collection, University of Idaho Library Special Collections and Archives",8-X 537,Image;StillImage,black and white photograph,image/jpeg,http://rightsstatements.org/vocab/NoC-US/1.0/
Flick Kemp,hist454-FK07,hist454-FK004.pdf,,Letter to Stanley Eaton from The Manufacturers Information Bureau Co.,Manufacturers Information Bureau Co.,,"A letter to Stanley Eaton regarding the assets of the company, encouraging him to consider hiring their agents to maintain peaceable conditions within the mine.",mining; detectives; letters; inspection; unions,"Kellogg, Idaho; Shoshone County, Idaho; Denver, Colorado",47.537762,-116.12682,"MG 367, Bunker Hill Company. Records, 1887-1984, University of Idaho Library Special Collections and Archives",MG 367 1578b,Text,letter,application/pdf,http://rightsstatements.org/vocab/NoC-US/1.0/
Cyndi Enderle,hist454-ce001,hist454-ce001.jpg,,Portrait of Two Men Burned in the Forest Fire,Stockbridge,1910-09-01,two wounded men from a forest fire,men; portrait; wounded; burned,"Wallace, Idaho",47.475455,-115.923887,PG 8 Barnard-Stockbridge Collection,pg 8-X545i,Image: Stillimage,photograph,image/jpeg,http://rightsstatements.org/vocab/NoC-US/1.0/
Cyndi Enderle,hist454-ce002,hist454-ce002.jpg,,Western Federation of Miners' Convention and Socialism,Thiel Detective Service Co.,1901-06,the WFM decide to dissassociate themselves from socialism,meeting notes; WFM; convention; socialism; miners,"Wardner, Idaho",47.521786,-116.137675,"MG 5, Stanly Easton. Papers, 1900-1916, University of Idaho Library Special Collections and Archives",MG5_F001_076,Text,meeting notes,image/jpeg,http://rightsstatements.org/vocab/NoC-US/1.0/
Cyndi Enderle,hist454-ce003,hist454-ce003.jpg,,Two Union men from Silver City and Butte and the Spy,Thiel Detective Service Co. Agent 15,1905-11-02,"A spy meets two men, one of which is from the Union and has been to Silver City, ID is going to Butte, MT.",Butte; Montana; Silver City; unions; gun; Langstroff,"Wardner, Idaho",47.521786,-116.137675,"MG 5, Stanly Easton. Papers, 1900-1916, University of Idaho Library Special Collections and Archives",,,letter,image/jpeg,http://rightsstatements.org/vocab/NoC-US/1.0/
Cyndi Enderle,hist454-ce004,hist454-ce004.jpg,,"Du Bois from Jerome, Arizone meets spy in bar",Thiel Detective Service Co. Agent 15,1904-11-04,"Spy meets Du Bois from a union in Jerome, Arizona and is drinking with Langstroff.",Silver City; Montana; Butte; Arizona; Jerome; unions; Langstroff; drinking; Du Bois,"Wardner, Idaho",47.521786,-116.137675,"MG 5, Stanly Easton. Papers, 1900-1916, University of Idaho Library Special Collections and Archives",,,letter,image/jpeg,http://rightsstatements.org/vocab/NoC-US/1.0/
Cyndi Enderle,hist454-ce005,hist454-ce005.jpg,,Spy observers Du Bois drunk,Thiel Detective Service Co. Agent 15,1905-11-06,Spy observes Du Bois as drunk and is feeling bored and wants to work.,Du Bois; drinking; drunk,"Wardner, Idaho",47.521786,-116.137675,"MG 5, Stanly Easton. Papers, 1900-1916, University of Idaho Library Special Collections and Archives",,,letter,image/jpeg,http://rightsstatements.org/vocab/NoC-US/1.0/
Cyndi Enderle,hist454-ce006,hist454-ce006.jpg,,Union leaders and 400 union men,Thiel Detective Service Co. Agent 15,1905-11-08,Spy reports no new arrivals but reports that Smith is a secret leader of a union. It is unclear whether Smith or Campbell is the leader of 400 union men and are planning something in the spring.,Bunker Hill,"Wardner, Idaho",47.521786,-116.137675,"MG 5, Stanly Easton. Papers, 1900-1916, University of Idaho Library Special Collections and Archives",,,letter,image/jpeg,http://rightsstatements.org/vocab/NoC-US/1.0/
Cyndi Enderle,hist454-ce007,https://digital.lib.uidaho.edu/utils/getfile/collection/bunkerhill/id/443.pdf,,"3 operative reports, two on May 11, 1901, May 13, 1901",Thiel Detective Service Co.,1901-05-13,"May 11 (1): Operative discusses rumors about the sheriff and deputies, mentions recent legal trials; May 11 (2): operative discusses boarding houses, the Finley trial, anger against the sheriff and deputies, discusses union men in the region; May 13: operative mentions a man who had escaped from the Bull-Pen, discusses the sheriff and deputies and threats againts them, activities of various union members; two pages.",labor disputes; labor unions; legal disputes; miners; murder; undercover,"Wallace, Idaho",47.473253,-115.925222,"MG 5, Stanly Easton. Papers, 1900-1916, University of Idaho Library Special Collections and Archives",,,text,application/pdf,https://creativecommons.org/publicdomain/mark/1.0/
Cyndi Enderle,hist454-ce008,https://digital.lib.uidaho.edu/utils/getfile/collection/bunkerhill/id/408.pdf,,"Operative report, February 15, 1901",Thiel Detective Service Co.,1901-02-15,"Operative discusses dislike for miners from Missouri, union men are working under different names.",labor unions; miners; labor disputes,"Gem, Idaho",47.508263,-115.867938,"MG 5, Stanly Easton. Papers, 1900-1916, University of Idaho Library Special Collections and Archives",,,text,application/pdf,https://creativecommons.org/publicdomain/mark/1.0/
Cyndi Enderle,hist454-ce009,https://digital.lib.uidaho.edu/utils/getfile/collection/bunkerhill/id/396.pdf,,"Operative report, January 18, 1901",Thiel Detective Service Co.,1901-01-18,Operative informs on a miner named Bill Williams as being a union member; handwritten note at bottom.,miners; labor unions; undercover,"Wardner, Idaho",47.521786,-116.137675,"MG 5, Stanly Easton. Papers, 1900-1916, University of Idaho Library Special Collections and Archives",,,text,application/pdf,https://creativecommons.org/publicdomain/mark/1.0/
Cyndi Enderle,hist454-ce010,https://digital.lib.uidaho.edu/utils/getfile/collection/bunkerhill/id/318.pdf,,"Operative report for Bunker Hill & Sullivan M. & C. Co., October 12, 1900",Thiel Detective Service Co.,1900-10-12,"Operative reports on a recent union meeting at which he learned the union books were once again guarded by Victor Price, a new member, Fred Fisher, was voted in, a Swedish union member was plotting to turn in a list of non-union men labelled as union members to B.H. & S. M. & C. Co. in order to get them fired, operative was currently out of work; two pages.",labor unions; undercover; miners; dynamite,"Gem, Idaho",47.508263,-115.867938,"MG 5, Stanly Easton. Papers, 1900-1916, University of Idaho Library Special Collections and Archives",,,text,application/pdf,https://creativecommons.org/publicdomain/mark/1.0/
Cyndi Enderle,hist454-ce011,https://digital.lib.uidaho.edu/utils/getfile/collection/bunkerhill/id/449.pdf,,"2 operative reports, both on May 20, 1901",Thiel Detective Service Co.,1901-05-20,"May 20 (1): Operative discusses a letter written by Ed Boyce read during a recent union meeting, mentions union opinions on the outcome of the Finley trial; May 20 (2): operative mentions various union members views on and dealings with the deputies.",labor unions; murder; legal disputes; undercover,"Wardner, Idaho",47.521786,-116.137675,"MG 5, Stanly Easton. Papers, 1900-1916, University of Idaho Library Special Collections and Archives",,,text,application/pdf,https://creativecommons.org/publicdomain/mark/1.0/
Amara Bailey,hist454-AB001,hist454-AB001.jpg,,Hector Mine,"Barnard, T.N.",1912-02-28,A few men standing next to buildings on Hector Mine,men; buildings; mines,"Webb, Idaho",47.490591,-115.868562,"PG 8, Barnard-Stockbridge Collection",PG 8-A118f,image; stillimage,8x10 black and white glass negative,image/jpeg,http://rightsstatements.org/vocab/NoC-US/1.0/
Amara Bailey,hist454-AB002,hist454-AB002.jpg,,Hector Mine,"Barnard, T.N.",1912-02-28,"Four unidentified men standing, with a cart, at the entrance to a tunnel at on Hector Mine.",men; carts; tunnels,"Webb, Idaho",47.490591,-115.868562,"PG 8, Barnard-Stockbridge Collection",PG 8-A118g,image; stillimage,8x10 black and white glass negative,image/jpeg,http://rightsstatements.org/vocab/NoC-US/1.0/
Amara Bailey,hist454-AB003,hist454-AB003.pdf,,Pinkerton Detective Agency Operative 5 July14th-August4th 1906,"""No. 5"" ; Hasson, G.J.",1906,"July 14 (1, 2): A handwritten letter or journal by ""No. 5,"" an operative hired by the Pinkerton Detective Agency writes about his day in the mine at Wardener, ID dated July 14, 1906; August 03 (3, 4): Another handwriten letter or journal by operative ""No. 5,"" they describe their day at work and talk about the supply of sharp picks and drills and the air pressure; August 04 (5): A typed letter from a Pinkerton Superintendant to Mine Executive Stanley Easton reporting ""operative No. 5"" had been indisposed from July 29th through August 3rd.",Pinkerton Detective Agency; operatives; letters; journals; mining; reports,"Wardner, Idaho; Spokane, Washington",47.5227,-116.1341,"MG 367, Bunker Hill Company Records",MG 367-1578c,text,"8x10 Handwritten letters, 8x10 typed letter",application/pdf,http://rightsstatements.org/vocab/NoC-US/1.0/
Amara Bailey,hist454-AB004,https://digital.lib.uidaho.edu/digital/iiif/bar-stock/1190/full/max/0/default.jpg,,"Amazon Dixie Mine, Sildex (Montana)","Barnard Studio (Wallace, ID)",1923,Miners inside the Amazon Dixie Mine using large equpment and tools,groups of people; men; mines; equipment,Look Out,47.429088,-115.703777,"PG 8, Barnard-Stockbridge Collection",PG 8-X662d,image; stillimage,8x10 black and white glass negative,image/jpeg,http://rightsstatements.org/vocab/NoC-US/1.0/
Amara Bailey,hist454-AB005,https://digital.lib.uidaho.edu/digital/iiif/bar-stock/273/full/max/0/default.jpg,,"Tiger Poorman Mill, Burke (Idaho)","Barnard Studio (Wallace, ID)",1906,"Exterior view of Tiger Poorman Mill located in Burke, Idaho",mines; buildings,"Burke, Idaho",47.523288,-115.805677,"PG 8, Barnard-Stockbridge Collection",PG 8-X243,image; stillimage,8x10 black and white glass negative,image/jpeg,http://rightsstatements.org/vocab/NoC-US/1.0/
Amara Bailey,hist454-AB006,https://digital.lib.uidaho.edu/utils/getfile/collection/bunkerhill/id/463.pdf,,"2 operative reports, both on June 28, 1901",Thiel Detective Service Co.,1901-06-28,"June 28 (1): Operative mentions trying to locate several union men, a possible attempted murder of a deputy, speculation on activities on July 11, a rumor of the corruptness of the deputies; June 28 (2): operative mentions union men trying to find work, grumbling about the sheriff and deputies, Union Decoration Day, operative tries to locate several union men, speculation on the corruptness of the sheriff and deputies, mentions 16 to 1 mine suit; two pages.",Thiel Detective Service Company; operatives; letters; journals; mining; reports,"Mullan, Idaho; Wallace, Idaho",47.4702,-115.8018,"MG 5, Stanly Easton. Papers",MG5_F001_164,text,8x10 typed letters,application/pdf,http://rightsstatements.org/vocab/NoC-US/1.0/
Amara Bailey,hist454-AB007,https://digital.lib.uidaho.edu/digital/iiif/bar-stock/712/full/max/0/default.jpg,,"Alice Mine, Wallace (Idaho)","Barnard Studio (Wallace, ID)",1920-08-12,Interior of mine Looking South- 8-12-20 Concentrating Table,mines; buildings; equipment,"Wallace, Idaho",47.477757,-115.843255,"PG 8, Barnard-Stockbridge Collection",PG 8-X612e,image; stillimage,8x10 black and white glass negative,image/jpeg,http://rightsstatements.org/vocab/NoC-US/1.0/
Amara Bailey,hist454-AB008,https://digital.lib.uidaho.edu/digital/iiif/bar-stock/466/full/max/0/default.jpg,,"Hercules Mining Co, Burke (Idaho)","Barnard Studio (Wallace, ID)",1901,"Identified men building log cabins in Burke, Idaho",men; cabins; dwellings; buildings,"Burke, Idaho",47.547022,-115.827022,"PG 8, Barnard-Stockbridge Collection",PG 8-X299,image; stillimage,8x10 black and white glass negative,image/jpeg,http://rightsstatements.org/vocab/NoC-US/1.0/
Jeremiah Salaam,hist454-JS01,https://www.lib.uidaho.edu/digital/campusart/objects/189379.jpg,,UI administration building,J.N. Howard,,Graphite drawing showing the University of Idaho Administration building surrounded by trees from across a field. Displayed using a gray trimmed pale green matte in a silver metal frame.,building; Administration; Campus,"Moscow, Idaho",44.389034,-114.65942,N/A,N/A,Image;JPEG,Photograph,image/jpeg,http://rightsstatements.org/vocab/InC-EDU/1.0/
Jeremiah Salaam,hist454-JS02,https://digital.lib.uidaho.edu/digital/iiif/spec_cs/113/full/max/0/default.jpg,,"Palouse Valley, Stump removal preparation",N/A,1904,"4 ft, Yellow Pine stump cracked with 14 sticks of dynamite",Agriculure; Outdoors,Washington,47.411293,-120.55627,N/A,N/A,Image;JPEG,Photograph,image/jpeg,http://rightsstatements.org/vocab/NoC-US/1.0/
Jeremiah Salaam,hist454-JS03,https://digital.lib.uidaho.edu/utils/getfile/collection/bunkerhill/id/58.pdf,,"Letter from Frederick Burbidge to F.W. Bradley, July 29, 1899 [01]","Burbidge, Frederick",1899-07-29,Burbidge discusses legal matters involving Mr. Heyburn.,legal disputes,Idaho,44.389034,-114.65942,"MG 367, Bunker Hill Company. Records, 1887-1984, University of Idaho Library Special Collections and Archives",MG367_85_047,Text,Letter,application/pdf,https://creativecommons.org/publicdomain/mark/1.0/
Jeremiah Salaam,hist454-JS04,https://digital.lib.uidaho.edu/digital/iiif/watkins/17/full/pct:80/0/default.jpg,,St. Lawrence Mine 600 ft. level East [no. 1187],"Watkins, Carleton E.",1890,St. Lawrence 600 level East Ore 35 ft.,mines; Agriculture,Montana,47.03348,-109.64508,PG 89 - University of Idaho Library Special Collections & Archives,89-1187,Image;StillImage,Photograph,image/jpeg,https://creativecommons.org/publicdomain/mark/1.0/
Jeremiah Salaam,hist454-JS05,,bmJbQg-UGkQ,Bunker Hill and Sullivan Smelter,N/A,1926-03-16,"Bunker Hill and Sullivan Smelter, March 16, 1926. Scenes show houses, railroad yard, a smelter building with smokestack, and a railroad trestle with mountains in the background. Also a scene showing cast iron kettles capable of holding 100 tons of molten lead. Preserved through a grant from the National Film Preservation Foundation, 2007. Preservation copying by Triage Archival Restoration Services, Los Angeles, CA",Bunker Hill,Idaho,44.389034,-114.65942,N/A,N/A,Image;MovingImage,Video,video/mp4,http://rightsstatements.org/vocab/InC-EDU/1.0/
Jeremiah Salaam,hist454-JS06,https://digital.lib.uidaho.edu/digital/iiif/bigburn/46/full/pct:80/0/default.jpg,,Trail crew cutting out burned timber. 1910 Forest fire - copy. Copied for S.A. Woodbury. 1960. Negative,Barnard Studio,1910,Image shows a trail crew cutting out burned timber. 1910 Forest fire,Fire; Burnings; Trail,Idaho,44.389034,-114.65942,"PG 8, Barnard-Stockbridge Collection, University of Idaho Library Special Collections and Archives",8-27831c,Image;StillImage,Photograph,image/jpeg,"Material determined to be in Public Domain based on date of publication. Material made available by the University of Idaho Library. For more information, please contact University of Idaho Library Special Collections and Archives Department at libspec@uidaho.edu."
Jeremiah Salaam,hist454-JS07,https://digital.lib.uidaho.edu/digital/iiif/bigburn/91/full/pct:70/0/default.jpg,,Forest Fire 1910 - Wallace [1910] Soldiers Camp,Barnard Studio,1910,"Images shows tents of a Soldiers Camp set up outside of Wallace, Idaho. Forest fire 1910.",Fire; Soldiers; Camp,Idaho,44.389034,-114.65942,"PG 8, Barnard-Stockbridge Collection, University of Idaho Library Special Collections and Archives",8-C6,Image;StillImage,Photograph,image/jpeg,"Material determined to be in Public Domain based on date of publication. Material made available by the University of Idaho Library. For more information, please contact University of Idaho Library Special Collections and Archives Department at libspec@uidaho.edu."
Anra Rowley,hist454-ar01,https://digital.lib.uidaho.edu/utils/getfile/collection/bunkerhill/id/439/filename/bunkerhill439.pdf,,"8 operative reports, April 26, 1901, April 27, 1901, two on April 29, 1901, May 2, 1901, two on May 3, 1901, May 1, 1901",Thiel Detective Service Co.,1901-04,"April 26: Operative reports on a possible plan to murder the mine managers in the event that Sam Finley is acquitted; April 27: operative discusses speculation on the murder of John Powell and subsequent trial; April 29 (1): operative reports on many men who are angry or making threats, speculation about the Finley trial; April 29 (2): operative discusses speculation on the Finley trial and jury, lists 8 union members; May 2: operative discusses employment, threats against deputies, lists 3 union members; May 3 (1): operative mentions various miners, employment of foreigners; May 3 (2): operative mentions a union directive to not allow any men who had been employed as 'scabs' to join, a rumor that union members are starting to gain employment; May 1: a list of 22 union members; four pages.",legal disputes; murder; labor unions; labor disputes; miners; foreman; Thiel Detective Service Company,"Shoshone County, Idaho",,,"MG 5, Stanly Easton. Papers, 1900-1916, University of Idaho Library Special Collections and Archives",MG5_F001_136,text,,application/pdf,http://rightsstatements.org/vocab/NoC-US/1.0/
Anra Rowley,hist454-ar02,https://digital.lib.uidaho.edu/utils/getfile/collection/bunkerhill/id/409.pdf,,"Operative report, February 15, 1901 [02]",Thiel Detective Service Co.,1901-02-15,"Operative mentions two men who had returned to the Coeur d'Alenes in order to locate a possible traitor to the union, the union is ""winning"" in Montana.",travel; undercover; labor unions,"Wardner, Idaho",47.5290057,-116.1430176,"MG 5, Stanly Easton. Papers, 1900-1916, University of Idaho Library Special Collections and Archives",MG5_F001_107,text,,application/pdf,http://rightsstatements.org/vocab/NoC-US/1.0/
Anra Rowley,hist454-ar03,https://digital.lib.uidaho.edu/utils/getfile/collection/bunkerhill/id/452.pdf,,"4 operative reports, three on May 25, 1901, May 26, 1901",Thiel Detective Service Co.,1901-05-25,"May 25 (1): Operative mentions rumors about union members, the Finley trial, and property owned by Bunker Hill Mining Co.; May 25 (2): operative mentions speculation on employment of union men; May 25 (3): operative discusses in depth his investigation of the murder of Martin Fisher; May 26: operative discusses a previous murder of a blacksmith named ""Kneebone"", mentions threats againts the mine managers and deputies, and the investigation of Martin Fisher; three pages.",travel; labor unions; murder; mining; legal disputes; miners; detectives,"Shoshone County, Idaho",,,"MG 5, Stanly Easton. Papers, 1900-1916, University of Idaho Library Special Collections and Archives",MG5_F001_152,text,,application/pdf,http://rightsstatements.org/vocab/NoC-US/1.0/
Anra Rowley,hist454-ar04,https://digital.lib.uidaho.edu/utils/getfile/collection/bunkerhill/id/438.pdf,,"Letter from W. S. Swain to Frederick Burbidge, April 23, 1901","Swain, Wilson S.",1901-04-23,"Swain informs Burbidge that he is working on a possible issue with the operative reports, Swain will be in the region soon.",undercover; reports; travel,"Chicago, Illinois; Kellogg, Idaho",41.8339025,-88.0128369,"MG 5, Stanly Easton. Papers, 1900-1916, University of Idaho Library Special Collections and Archives",MG5_F001_135,text,,application/pdf,http://rightsstatements.org/vocab/NoC-US/1.0/
Anra Rowley,hist454-ar05,https://digital.lib.uidaho.edu/utils/getfile/collection/bunkerhill/id/450.pdf,,"Letter from W. S. Swain to Frederick Burbidge, May 23, 1901","Swain, Wilson S.",1901-05-23,"Swain responds to a previous letter, speculates on the Western Federation of Miners; handwritten.",detectives; undercover,"Spokane, Washington",47.672986,-117.552577,"MG 5, Stanly Easton. Papers, 1900-1916, University of Idaho Library Special Collections and Archives",MG5_F001_150,text,handwritten letter,application/pdf,http://rightsstatements.org/vocab/NoC-US/1.0/
Anra Rowley,hist454-ar06,hist454-AR005.jpg,,Order of Masonic Knights Templar,Barnard Studios,,Three Men Posed in Uniform. Taken for E. L. Gauger.,groups of people; uniforms,,,,"8-A 104, Bernard-Stockbrigde Photograph Collection",8-A104,image;still image,black and white photograph,image/jpeg,http://rightsstatements.org/vocab/NoC-US/1.0/
Anra Rowley,hist454-ar07,hist454-AR004.pdf,,Captain W. S. Swain,W. M. Simpson; The Idaho Magazine,1906-04,"Captain W. S. Swain, Northwesrern Manager of Thiel's Detective Sevice Company, Spokane, WA Charater Sketch article after investigation regarding assasination of Ex-Gov. Steunenberg.",assassination; Thiel Detective Service Company; Mine Owners Association,"Boise, Idaho",43.6154,-116.2136,"MG 367, Bunker Hill Mining Company, Universty of Idaho",MG-367-1576,text,Magazine article,application/pdf,http://rightsstatements.org/vocab/NoC-US/1.0/
Lucas Fritz,hist454-lf002,hist454-lf002.pdf,,Operative Report on Couer d' Alene Mine Workers,,1901-02-20,"Telegraph Report from Wallace, Idaho on the state of the mines, mine workers, mine unions, and operative findings in the Couer d' Alene area. Mine owners have searched out miners from outside Idaho who would not be connected to a union.",mines; mine workers; unions,"Wardner, Idaho; Wallace, Idaho",47.5227,-116.1341,"MG 5, Stanly Easton. Papers, 1900-1916, University of Idaho Library Special Collections and Archives",,Text,Telegram,application/pdf,http://rightsstatements.org/vocab/NoC-US/1.0/
Lucas Fritz,hist454-lf001,hist454-lf001.jpg,,Portrait of Mine Workers in Bull Pen,,1899,"Picture of Mine Workers sitting in the Bull Penn of a mine in Kellogg, Idaho.",mine workers; bull pens,"Kellogg, Idaho",47.5383,-116.1193,"PG 8, Bernard Stockbridge Collection, University of Idaho Library Special Collections and Archives",8-X 537,Image;Stillimage,black-and-white photograph,image/jpeg,http://rightsstatements.org/vocab/NoC-US/1.0/
Lucas Fritz,hist454-lf003,https://digital.lib.uidaho.edu/utils/getfile/collection/bunkerhill/id/451.pdf,,"Operative Report, May 23, 1901",Thiel Detective Service Co.,1901-05-23,"Operative discusses speculation on the Finley trial including the reliability of witnesses, possible suspicious activities taking place at some cabins.",labor disputes; murder; legal disputes; detectives,"Wallace, Idaho",47.4741,-115.9279,"MG 5, Stanly Easton. Papers, 1900-1916, University of Idaho Library Special Collections and Archives",MG5_F001_151,Text,Typed Letter,application/pdf,http://rightsstatements.org/vocab/NoC-US/1.0/
Lucas Fritz,hist454-lf004,https://digital.lib.uidaho.edu/utils/getfile/collection/bunkerhill/id/325.pdf,,"2 operative reports for Bunker Hill & Sullivan M. & C. Co., November 1, 1900, November 4, 1900",Thiel Detective Service Co.,1900-11-01,"Nov. 1: Operative reports that more men have arrived in the hopes of the permit system being disbanded, mentions that Union men are confident that the Democrats will win in the elections. Nov. 4: Operative reports that Union members are being cautious as deputies are looking for any excuse to put them in jail, more miners have arrived believing that the permit system will be revoked.",labor unions; hiring; elections,"Seattle, Washington",47.6062,-122.3321,"MG 5, Stanly Easton. Papers, 1900-1916, University of Idaho Library Special Collections and Archives",MG5_F001_021,Text,Typed Letter,application/pdf,http://rightsstatements.org/vocab/NoC-US/1.0/
Lucas Fritz,hist454-lf005,https://digital.lib.uidaho.edu/utils/getfile/collection/bunkerhill/id/335.pdf,,"Operative report for Larson & Greenough, no date [02]",Thiel Detective Service Co.,1900,"Operative mentions a funeral in Wallace, he is looking for work, lists 46 union men.",funeral; miners; labor unions,"Wallace, Idaho",47.4741,-115.9279,"MG 5, Stanly Easton. Papers, 1900-1916, University of Idaho Library Special Collections and Archives",MG5_F001_031,Text,Typed Letter,application/pdf,http://rightsstatements.org/vocab/NoC-US/1.0/
Lucas Fritz,hist454-lf006,https://digital.lib.uidaho.edu/utils/getfile/collection/bunkerhill/id/440.pdf,,"Stray page in which operative mentions a possible scheme, union membership, a detective in town investigating a recent fight, and donations to legal cases",Thiel Detective Service Co.,1900,"Appears to be a stray page, no date, in which operative mentions a possible scheme, union membership, a detective in town investigating a recent fight, and donations to legal cases.",labor unions; labor disputes; legal disputes,"Wardner, Idaho",47.4741,-116.1341,"MG 5, Stanly Easton. Papers, 1900-1916, University of Idaho Library Special Collections and Archives",MG5_F001_118b,Text,Typed Letter,application/pdf,http://rightsstatements.org/vocab/NoC-US/1.0/
Lucas Fritz,hist454-lf007,https://digital.lib.uidaho.edu/utils/getfile/collection/bunkerhill/id/456.pdf,,"2 operative reports, June 4, 1901, June 5, 1901",Thiel Detective Service Co.,1901-06-04,"June 4: Operative mentions a man who was possibly involved in the explosion at the Bunker Hill & Sullivan Mill, other men are threatening the deputies; June 5: operative mentions possible threats against the deputies and mine managers, the chance of the mines employing union men.",legal disputes; labor disputes; dynamite; labor unions,"Shoshone County, Idaho",47.1747,-115.9105,"MG 5, Stanly Easton. Papers, 1900-1916, University of Idaho Library Special Collections and Archives",MG5_F001_156,Text,Typed Letter,application/pdf,http://rightsstatements.org/vocab/NoC-US/1.0/
Loren Kreisle,hist454-lk01,hist454-LK001.jpg,,Church Choir,"Barnard Studio (Wallace, ID)",1889,Picture of choir members of all ages posing outside Holy Trinity Episcopal Church.,churches; group portraits; children; choirs,"Wallace, Idaho",47.472713,-115.9271745,"PG 8, Barnard-Stockbridge Collection, University of Idaho Library Special Collections and Archives",pg 8-A78,Image;StillImage,black-and-white photograph,image/jpeg,http://rightsstatements.org/vocab/NoC-US/1.0/
Loren Kreisle,hist454-lk02,hist454-LK002.jpg,,Commencement Excercises,"Vance, C.W.",1906-04-23,Letter and speech congratulating students who've completed an education.,schools; education,"Kellogg, Idaho",47.5383,-116.1193,"MG 5, Stanly Easton. Papers, 1900-1916, University of Idaho Library Special Collections and Archives",,Text,letter; typed manuscript,application/pdf,http://rightsstatements.org/vocab/NoC-US/1.0/
Loren Kreisle,hist454-lk03,https://digital.lib.uidaho.edu/digital/api/singleitem/image/bar-stock/239/default.jpg,,"Forest Fire, Brewery","Barnard Studio (Wallace, ID)",1910-08-20,"Aftermath of a forest fire outside a damaged building in Wallace, Idaho.",fires; forest fires; brewery; buildings,"Wallace, Idaho",47.472501,-115.925401,"PG 8, Barnard-Stockbridge Collection, University of Idaho Library Special Collections and Archives",PG 8-C4d,Image;StillImage,black-and-white photograph,image/jpeg,http://rightsstatements.org/vocab/NoC-US/1.0/
Loren Kreisle,hist454-lk04,https://digital.lib.uidaho.edu/digital/api/singleitem/image/bar-stock/2698/default.jpg,,Inspiration Silver Mine,"Barnard Studio (Wallace, ID)",,"A man standing at the entrance to the cave mouth of the Silverore-Inspiration Silver Mine in Osburn, Idaho.",mines; miners; mineshafts; silver,"Osburn, Idaho",47.516282,-115.959108,"PG 8, Barnard-Stockbridge Collection, University of Idaho Library Special Collections and Archives",PG8_B314-4,Image;StillImage,black-and-white photograph,image/jpeg,http://rightsstatements.org/vocab/NoC-US/1.0/
Loren Kreisle,hist454-lk05,https://digital.lib.uidaho.edu/digital/api/singleitem/image/bar-stock/256/default.jpg,,"Bunker Hill ""Glory Hole""","Barnard Studio (Wallace, ID)",1897,"Miners standing around ore cars at Bunker Hill. Caption on front reads, ""Miners work on the original Bunker Hill outcrop.""",mines; miners; ores,"Kellogg, Idaho",47.538278,-116.119363,"PG 8, Barnard-Stockbridge Collection, University of Idaho Library Special Collections and Archives",8-X00024,Image;StillImage,black-and-white photograph,image/jpeg,http://rightsstatements.org/vocab/NoC-US/1.0/
Carson A,hist454-ca01,https://digital.lib.uidaho.edu/digital/iiif/watkins/76/full/max/0/default.jpg,,Mountain Consolidated Mine 550 ft. level East [no. 1242],"Watkins, Carleton E.",1890,Two miners pose in an underground mine,mining; ore; underground,"Butte, Montana",46.017324,-112.510167,"PG 89, University of Idaho Library Special Collections & Archives, https://www.lib.uidaho.edu/digital/watkins/items/watkins76.html",89-1242,Image;StillImage,Photograph,image/jpeg,http://rightsstatements.org/vocab/NoC-US/1.0//
Carson A,hist454-ca02,https://www.lib.uidaho.edu/digital/objects/tabor/pg83-b05-f47-001_001.jpg,,"Possible Funeral for a mining accident that killed 10 people after a cable broke, Mullan, Idaho","Tabor's Photo Service, Wallace Idaho",1936-10-05,"People gather after a mining accident that killed 10 people at Morning Mine. Large bags, containing the bodies of the dead, are being brought out. Machinery and buildings can be seen in the background.",accidents,"Mullan, Idaho",47.47018875,-115.8011691,"PG 83, George W. Tabor Photographs, 1890-2164, https://www.lib.uidaho.edu/digital/tabor/items/tabor0200.html",pg83-b05-f47-001_001,Image;StillImage,Photograph,image/jpeg,http://rightsstatements.org/vocab/InC-EDU/1.0/
Carson A,hist454-ca03,https://digital.lib.uidaho.edu/digital/iiif/spec_hm/5/full/pct:40/0/default.jpg,,Map showing geological formations and mineral lands near the Northern Pacific Railroad in northern Idaho and Washington Territories,"Rinkseeker, D. G.; Tiernan, J. M.",1882,"Map of geological formations and mineral lands near Northern Pacific Railroad in northern Idaho and Washington. Includes Spokane, Pend D'Oreille River and Lake and Lake Coeur D'Alene. 1 in. to 4 miles 1 ms. map: col. ; 87 x 77 cm.",mineral maps,Idaho; Washington,,,"Idaho Historical Maps Collection, University of Idaho Library, https://www.lib.uidaho.edu/digital/historicalmaps/items/spec_hm5.html",geologicalmineral_1882,Image;StillImage,print map,image/jpeg,http://rightsstatements.org/vocab/NoC-US/1.0/
Carson A,hist454-ca04,https://www.lib.uidaho.edu/digital/objects/tabor/pg83-b05-f47-005_004.jpg,,Man standing next to Coeur d'Alene Mining District Mine Rescue Car,"Tabor's Photo Service, Wallace Idaho",1939-01-12,"A man stands next to a Coeur d'Alene Mining District Mine Rescue Car. The text on the automobile also reads ""Wallace Idaho 1939.""",mines; automobiles,"Coeur D'Alene, Idaho",,,"PG 83, George W. Tabor Photographs, 1890-2164, https://www.lib.uidaho.edu/digital/tabor/items/tabor0217.html",pg83-b05-f47-005_004,Image;StillImage,Photograph,image/jpeg,http://rightsstatements.org/vocab/InC-EDU/1.0/
Carson A,hist454-ca05,https://www.lib.uidaho.edu/digital/objects/tabor/pg83-b05-f46-024_001.jpg,,"Labor building on Bank Street, Wallace","Tabor's Photo Service, Wallace Idah",1942-06-16,"The Labor building on Bank Street in Wallace, Idaho. Two cars are parked in front of the building.",employment agencies,"Wallace, Idaho",47.4743398,-115.9201941,"PG 83, George W. Tabor Photographs, 1890-2141, https://www.lib.uidaho.edu/digital/tabor/items/tabor0177.html",pg83-b05-f46-024_001,Image;StillImage,Photograph,image/jpeg,http://rightsstatements.org/vocab/InC-EDU/1.0/
Carson A,hist454-ca06,hist454-CA001.jpg,,Creek at Wallace Becomes Torrent,The Spokesman Review,1933-12-24,"Newspaper article disscussing the effects the flood caused in Wallace, Idaho.",Natural Disaster; Damaged Property,"Wallace, Idaho",47.4741,-115.9279,,1629,Image;StillImage,Newspaper,image/jpeg,http://rightsstatements.org/vocab/InC-EDU/1.0/
Carson A,hist454-ca07,hist454-CA002.pdf,,Raging floods of Coeur d'Alene region wreak heavy damage,The Spokesman Review,1993-12-24,Four pictures with small paragraphs updating readers on the heavy damage in the Coeur d'Alene area due to floods,Floods,"Coeur D'Alene, Idaho",47.6735,-116.7812,,1629,Image;StillImage,Newspaper,application/pdf,http://rightsstatements.org/vocab/InC-EDU/1.0/
Kyrin Beaachem,Hist454-KB01,https://digital.lib.uidaho.edu/utils/getfile/collection/arbornotes/id/0.pdf,,Arbor Notes February 1990,"Kochan, Walter; Naskali, Richard; Renfrew, Malcolm; Steele, Bob",1990-02,This February publication includes the subject headings: Lemhi Penstemon Story; Mark Your Calendars; Upcoming Workshops; Ill Wind Blows; New Plants in the Arboretum; Executive Committee Report; 1989 Annual Meeting; Arboretum Associates Plan to Grow; Bulletin Board; Shattuck Info Sheet; Gratitude List,associations; arboretums,,46.721642,-117.01565,FY90-ARB-ArborNotes-February1990,,text,application/pdf,application/pdf,http://rightsstatements.org/vocab/InC-EDU/1.0/
Kyrin Beaachem,Hist454-KB02,https://digital.lib.uidaho.edu/utils/getfile/collection/bunkerhill/id/114.pdf,,"Letter from Frederick Burbidge to Alex. Granger, August 26, 1899","Burbidge, Frederick",1899-08-26,Burbidge reiterates the request from Bradley to Granger to find and send a letter,correspondence,United States,,,"MG 367, Bunker Hill Company. Records, 1887-1984, University of Idaho Library Special Collections and Archives",MG367_85_096,text,application/pdf,application/pdf,https://creativecommons.org/publicdomain/mark/1.0/
Kyrin Beaachem,Hist454-KB03,,U9O-ENEd7Aw,"University of Idaho vs. Washington State University (Basketball), 01/18/1978",N/A,1978-01-18,Washington State University,Memorial Gymnasium,"Moscow, Idaho",46.726389,-117.01375,Reference Link:https://www.lib.uidaho.edu/digital/vandalvideo/items/vandalvideo38.html,UG64-WSU-bb1978-1_157,image,video,video/mp4,"Educational use includes non-commercial use of text and images in materials for teaching and research purposes. Digital reproduction permissions granted by University of Idaho Library. For other uses beyond educational use, please contact University of Idaho Library Special Collections and Archives Department at libspec@uidaho.edu and University of Idaho Athletic Department."
Kyrin Beaachem,Hist454-KB04,https://digital.lib.uidaho.edu/digital/iiif/p17254coll3/539/full/pct:70/0/default.jpg,,"Vandals basketball player James Fitch, no. 10",N/A,1983,"Vandals basketball player Stan Arnold, number 10, dribbling the ball.",Sports,"Moscow, Idaho",46.726389,-117.01375,"PG52, The Argonaut Photograph Collection",PG52-048,image,image,image/jpeg,http://rightsstatements.org/vocab/InC-EDU/1.0/
Kyrin Beaachem,Hist454-KB05,https://www.lib.uidaho.edu/digital/objects/moscon/MosCon10-1988_000.pdf,,"MosCon X, Sepember 23-25, 1988","Moscow Science Fiction Conventions, Inc.",1988-09-23,"A special extended program book for the tenth anniversary Moscon in 1988. Guests of Honor: Anne McCaffrey; Lela Dowling; Ken Macklin; Robert L. Forward; Ed and Norma Beauregard. Special thanks to the Telgar Weyr of Spokane, and to all the wonderful volunteers who have made this convention not only possible, but a resounding success. And we would like to thank all the previous committee members of MosCon, without whose tireless efforts this convention would not be nearly as good as it is. Thank you all.",science fiction; authors; artists,"Moscow, Idaho",,,https://www.lib.uidaho.edu/digital/moscon/items/moscon10-1988_000.html,MosCon10-1988_000,text,print,application/pdf,http://rightsstatements.org/vocab/InC-EDU/1.0/
Kyrin Beaachem,Hist454-KB06,https://www.lib.uidaho.edu/digital/objects/campushistory/old/002_002.jpg,,Alpha Phi House,N/A,1925,University of Idaho Student Organizations Collection,sororities; sorority houses,"Moscow, Idaho",,,https://www.lib.uidaho.edu/digital/campushistory/items/pg261.html,N/A,image,image,image/jpeg,http://rightsstatements.org/vocab/NoC-US/1.0/
Kyrin Beaachem,Hist454-KB07,https://digital.lib.uidaho.edu/digital/iiif/stonebraker/373/full/max/0/default.jpg,,Dr. J.M. Woodburn on horseback [02],N/A,1903,"Sumner (Governor) Stonebraker in the background. ""Trying our cameras on moving objects.""",horses,,46.102219,-115.978417,"William Allen Stonebraker Photographs, Photo Group 26",PG26-S2-062,image,3.25x3.25 black and white print,image/jpeg,http://rightsstatements.org/vocab/NoC-US/1.0/
"Jones, Matthew",hist454-MRJ001,hist454-MRJ001.jpg,,Noah Kellogg's Burro,"Barnard Studio (Wallace, Idaho)",1886,"Early-day street scene in Wardner. Noah Kellogg's burro that discovered the Bunker Hill and Sullivan Mine. Boys riding are Jerome Day, Sam and Frank Poteet.",Commercial Buildings; buisness; groups of people,"Wardner, Idaho",47.524592,-116.138677,"PG 8, Barnard-Stockbridge Collection, University of Idaho Library Special Collections and Archives, http://www.lib.uidaho.edu/special-collections/",8-x00548a,Image,8x10 black and white glass negative,image/jpeg,http://rightsstatements.org/vocab/NoC-US/1.0/
"Jones, Matthew",hist454-MRJ002,hist454-MRJ002.pdf,,"Transcript of two tapes recorded by Stanley A. Easton. 21 OCT, 1957",Beverly A. Branson,1984-03-07,"This is a transcript of two tapes that contain the testemate of Stanley A. Easton. These tapes were used to aid in the writing of Stanlety A. Easton, 64 years of mining, by Charles R. Stark, OCT 1956",audio tapes,"Moscow, Idaho",46.7324,-117.0002,University of Idaho Special Collections: Bernard Stockbridge Collection,"TN-24, I2B83",Text Doccument,Printed Document,application/pdf,http://rightsstatements.org/vocab/NoC-US/1.0/
"Jones, Matthew",hist454-MRJ003,https://digital.lib.uidaho.edu/digital/iiif/bar-stock/191/full/max/0/default.jpg,,"Wardner (Idaho), School, 1907","Barnard Studio (Wallace, Idaho)",1907,"Wardner school, built in 1905.",schools,"Kellogg, Idaho",47.521019,-116.138669,"PG 8, Barnard-Stockbridge Collection, University of Idaho Library Special Collections and Archives, http://www.lib.uidaho.edu/special-collections/",PG 8-X215,Image,8x10 Black and White glass negative,image/jpeg,http://rightsstatements.org/vocab/NoC-US/1.0/
"Jones, Matthew",hist454-MRJ004,https://digital.lib.uidaho.edu/digital/iiif/bar-stock/969/full/pct:70/0/default.jpg,,"Last Chance Mine and Mill, Wardner (Idaho) [02]","Barnard Studio (Wallace, Idaho)",1904,Exterior of the mill with a horse tied up,mills; riding horses,"Kellogg, Idaho",47.521877,-116.133589,"PG 8, Barnard-Stockbridge Collection",PG 8-X516,Image,8x10 Black and White glass negative,image/jpeg,http://rightsstatements.org/vocab/NoC-US/1.0/
"Jones, Matthew",hist454-MRJ005,https://digital.lib.uidaho.edu/digital/iiif/bar-stock/1032/full/max/0/default.jpg,,"Bunker Hill Mine, Wardner (Idaho)","Barnard Studio (Wallace, Idaho)",1908,Picture of Bunker Hill Mine,mine buildings,"Kellogg, Idaho",47.512797,-116.142551,"PG 8, Barnard-Stockbridge Collection",PG 8-X535,Image,8x10 Black and White glass negative,image/jpeg,http://rightsstatements.org/vocab/NoC-US/1.0/
"Jones, Matthew",hist454-MRJ006,https://digital.lib.uidaho.edu/digital/iiif/bar-stock/2109/full/max/0/default.jpg,,Newspaper Photo,"Barnard Studio (Wallace, Idaho)",1905-03-02,"Newspaper photo of the Bunker Hill and Sullivan Mill in Wardner, Idaho. This was the first milling plant at Bunker Hill. The mine has since produced $58,260,241 in dividends.",mills; News Photographs,"Wardner, Idaho",47.513303,-116.141795,"PG 8, Barnard-Stockbridge Collection",B258,Image,5x7 black and white film copy negative,image/jpeg,http://rightsstatements.org/vocab/NoC-US/1.0/
"Jones, Matthew",hist454-MRJ007,https://digital.lib.uidaho.edu/digital/iiif/bar-stock/1568/full/max/0/default.jpg,,Wardner Fire [01],"Barnard Studio (Wallace, Idaho)",1910,"View of Wardner, Idaho after the fire.",fires,"Wardner, Idaho",47.526642,-116.129147,"PG 8, Barnard-Stockbridge Collection",B14-2,Image,4.25x6.25 black and white film negative,image/jpeg,http://rightsstatements.org/vocab/NoC-US/1.0/
"Jones, Matthew",hist454-MRJ008,https://digital.lib.uidaho.edu/digital/iiif/bar-stock/964/full/max/0/default.jpg,,"Sullivan Mine, Wardner (Idaho) 1887","Barnard Studio (Wallace, Idaho)",1887,"Nicknamed ""Dutch Jake,"" picture of a mine",Barnard; Stockbridge; Photograph collections; mine buildings,"Kellogg, Idaho",47.512797,-116.142551,"PG 8, Barnard-Stockbridge Collection",PG 8-X510,Image,8x10 black and white glass negative,image/jpeg,http://rightsstatements.org/vocab/NoC-US/1.0/
Kyli Pierson,hist454-kp01,https://digital.lib.uidaho.edu/utils/getfile/collection/bunkerhill/id/12.pdf,,Unsigned Letter to W.W. Woods,University of Idaho,1899-04-01,Explaining settlement options regarding damages incurred on property owned by a Mr. Root,settlements,"Unites States; Kellogg, Idaho; Wallace, Idaho; Shoshone County, Idaho",,,"MG 367, Bunker Hill Company. Records, 1887-1984, University of Idaho Library Special Collections and Archives",MG367_84_001,Typed text,,application/pdf,http://rightsstatments.org/vocab/NoC-US/1.0/
Kyli Pierson,hist454-kp02,https://digital.lib.uidaho.edu/utils/getfile/collection/bunkerhill/id/353.pdf,,Letter from W. St. M. Barnes to Frederick Burbidge,"Barnes, W. St. M.",1900-12-12,Barnes informs Burbidge of the enclosed bill for services and expenses incurred during the month of November,Invoices,"Seattle, Washington; Kellogg, Idaho; King County, Washington; Shoshone County, Idaho",,,"MG 5, Stanly Easton. Papers, 1900-1916, University of Idaho Library Special Collections and Archives",MG5_F001_051,Typed Text,,application/pdf,http://rightsstatments.org/vocab/NoC-US/1.0/
Kyli Pierson,hist454-kp03,https://digital.lib.uidaho.edu/utils/getfile/collection/bunkerhill/id/412.pdf,,Operative Report,Thiel Detective Service Co.,1901-02-22,"Operative reports some men are angry over the men out of town getting work, miners are working under assumed names, rumor that some mine employees are frusturated with the system.",labor disputes; murder; undercover; miners; foreman,"Wallace, Idaho; Shoshone County, Idaho",,,"MG 5, Stanly Easton. Papers, 1900-1916, University of Idaho Library Special Collections and Archives",MG5_F001_111,Handwritten Text,,application/pdf,http://rightsstatments.org/vocab/NoC-US/1.0/
Kyli Pierson,hist454-kp04,https://digital.lib.uidaho.edu/digital/iiif/bar-stock/684/full/max/0/default.jpg,,Big Creek Mining Co. Wallace,"Barnard Studio (Wallace, Idaho)",1920,Image shows Big Creek Mining Company outside of Wallace Idaho,mine buildings; mines; extracting; dwellings,"Wallace, Idaho",47.505033,-116.076033,"PG 8, Barnard-Stockbridge Collection",PG 8-X607d,Image; Still Image,8x10 black and white glass negative,image/jpeg,http://rightsstatments.org/vocab/NoC-US/1.0/
Kyli Pierson,hist454-kp05,https://digital.lib.uidaho.edu/digital/iiif/bar-stock/1767/full/max/0/default.jpg,,Sunshine Mine [08],"Barnard Studio (Wallace, Idaho)",1935-06-23,"The mill on Sunshine Mine in Kellogg, Idaho.",mills; mines,"Kellogg, Idaho",47.502389,-116.070793,"PG 8, Barnard-Stockbridge Collection",B167-1,Image; Still Image,4x5 black and white film negative,image/jpeg,http://rightsstatements.org/vocab/InC-EDU/1.0/
Kyli Pierson,hist454-kp06,hist454-kp06.jpg,,Boarding House for Miners,"Barnard Studio (Wallace, Idaho)",1910,Boarding house for miners in Mullin Idaho.,building; mines; housing,"Mullan, Idaho",,,University of Idaho Library Special Collections and Archives,,Image; Still Image,black and white photograph,image/jpeg,http://rightsstatments.org/vocab/NoC-US/1.0/
Kyli Pierson,hist454-kp07,hist454-kp07.pdf,,Letter from Frank S. Dietrich to Stanley A. Easton,Frank S. Dietrich,1907-03-27,Dietrich thanking Easton for his support and assistance in his federal judgeship canidacy.,Easton; Dietrich; judgeship; canidacy,"Pocatello, Idaho; Kellogg, Idaho; Wallace, Idaho",,,University of Idaho Library Special Collections and Archives,,Typed Text,,application/pdf,http://rightsstatements.org/vocab/InC-EDU/1.0/
Amin Rezamand,hist454-ar01,https://digital.lib.uidaho.edu/digital/iiif/bar-stock/1061/full/max/0/default.jpg,,"North American Mining Co., Kellogg (Idaho) 1916 [01]","Barnard Studio (Wallace, Idaho)",1916,Winter Scene of the mine,winter; mine buildings,"Kellogg, Idaho",47.502099,-116.099099,"PG 8, Barnard-Stockbridge Collection",PG 8-X550a,Image;StillImage,8x10 black and white glass negative,image/jpeg,http://rightsstatements.org/vocab/NoC-US/1.0/
Amin Rezamand,hist454-ar02,https://digital.lib.uidaho.edu/digital/iiif/bar-stock/492/full/max/0/default.jpg,,"Standard Mine, Mace (Idaho) [05]","Barnard Studio (Wallace, Idaho)",1903,"View of a portal for the Standard Mine. A little cabin stands uphill, with a larger wooden building below. Caption from front: ""Distant view of entrance.""",buildings; mines (extracting complexes); trees,"Burke, Idaho",47.524054,-115.811054,"PG 8, Barnard-Stockbridge Collection",PG 8-X278d,Image;StillImage,8x10 black and white glass negative,image/jpeg,http://rightsstatements.org/vocab/NoC-US/1.0/
Amin Rezamand,hist454-ar03,https://digital.lib.uidaho.edu/digital/iiif/bar-stock/325/full/max/0/default.jpg,,"Laclede Mine, Burke (Idaho), 1908 [01]","Barnard Studio (Wallace, Idaho)",1908,"This photo shows a group of twelve people and one horse, standing in front of a log building on the Laclede Mine property.",groups of people; trees; riding horses; dwellings; buildings,"Burke, Idaho",47.543099,-115.837099,"PG 8, Barnard-Stockbridge Collection",PG 8-X263a,Image;StillImage,8x10 black and white glass negative,image/jpeg,http://rightsstatements.org/vocab/NoC-US/1.0/
Amin Rezamand,hist454-ar04,https://digital.lib.uidaho.edu/digital/iiif/bar-stock/949/full/max/0/default.jpg,,"Hercules Mill, Wallace (Idaho) 1912-1917","Barnard Studio (Wallace, Idaho)",1912,Exterior view of the mill,mills,"Wallace, Idaho",47.473662,-115.923899,"PG 8, Barnard-Stockbridge Collection",PG 8-X528,Image;StillImage,8x10 black and white glass negative,image/jpeg,http://rightsstatements.org/vocab/NoC-US/1.0/
Amin Rezamand,hist454-ar05,https://digital.lib.uidaho.edu/digital/iiif/bar-stock/452/full/max/0/default.jpg,,"Pittsburg Consolidated Mine, Wallace (Idaho), 1907","Barnard Studio (Wallace, Idaho)",1907,Far view of the Pittsburg Consolidated Mine covered in snow,mines (buildings); snowfields,"Wallace, Idaho",47.479714,-116.199549,"PG 8, Barnard-Stockbridge Collection",PG 8-X327,Image;StillImage,8x10 black and white glass negative,image/jpeg,http://rightsstatements.org/vocab/NoC-US/1.0/
Amin Rezamand,hist454-ar06,hist454-AR001.jpg,,"Hercules Mining Company, Burke, Idaho",Barnard-Stockbridge Collection,1908,"Taken for Mr. Day, Sept. 1, for lawsuit.","mining company; lawsuit; Burke, Idaho","Burke, Idaho",47.5561686,-115.906885,"Barnard-Stockbridge Collection, University of Idaho Library",8-A 74 L,Image;StillImage,black-and-white photograph,image/jpeg,http://rightsstatements.org/vocab/InC-EDU/1.0/
Amin Rezamand,hist454-ar07,hist454-AR002.jpg,,"FW Bradley corresp. from WI Elmenclorf re BH mine, 1908-1910",Bunker Hill Mining Company,1908-08-28,Letter sent to the manager of Bunker Hill Mining Company about a financial matter,letter; Bunker Hill; kellogg; manager,"Kellogg, Idaho",47.5116034,-116.1539202,"Bunker Hill Mining Company, University of Idaho Library",no. 1591,Text,printed letter,image/jpeg,http://rightsstatements.org/vocab/NoC-US/1.0/
Amin Rezamand,hist454-ar08,hist454-AR003.pdf,,"FW Bradley corresp. from WI Elmenclorf re BH mine, 1908-1911",Bunker Hill Mining Company,1908-09-29,Letter sent to the president of Bunker Hill Mining Company,mining engineer; Bunker Hill; kellogg; president,"Kellogg, Idaho",47.5116034,-116.1539202,"Bunker Hill Mining Company, University of Idaho Library",no. 1591,Text,printed letter,application/pdf,http://rightsstatements.org/vocab/NoC-US/1.0/
Ross Chadderdon,Hist454-RC001,hist454-RC001.jpg,,float in a 4th of July parade,University of Idaho,1910,Crowd of people on each side of the road watching a float drive down the sreet in 4th of July parade.,float; parade; 4th of July,"Coeur D'Alene, Idaho",47.6745,-116.7812,https://www.lib.uidaho.edu/digital/barstock/items/barstock133.html,,image;still,photograph,image/jpeg,http://rightsstatements.org/vocab/InC-EDU/1.0/
Ross Chadderdon,Hist454-RC002,hist454-RC002.jpg,,3 old men driving a car in the parade,University of Idaho,1910,3 men driving convertabke car in 4 th of july parade,old men; car; parade,"Coeur D'Alene, Idaho",47.6745,-116.7812,https://www.lib.uidaho.edu/digital/barstock/items/barstock133.html,,image;still,photograph,image/jpeg,http://rightsstatements.org/vocab/InC-EDU/1.0/
Ross Chadderdon,Hist454-RC003,hist454-RC003.jpg,,Fourth of July Crowd,University of Idaho,1910,"around 35,000 people gathered around the streets to watch the fourth of July parade",parade; 4th of July,"Coeur D'Alene, Idaho",47.6745,-116.7812,https://www.lib.uidaho.edu/digital/barstock/items/barstock133.html,,image;still,newspaper article,image/jpeg,http://rightsstatements.org/vocab/InC-EDU/1.0/
Ross Chadderdon,Hist454-RC004,https://digital.lib.uidaho.edu/utils/getfile/collection/bunkerhill/id/345.pdf,,"Operative report for Frisco Cons'd Mining Co., no date, transcribed December 01, 1900",Thiel Detective Service Co.,1900,"Operative reports that many men are out of work, a possible change in management at the F. & H. Mine, and a list of 10 union members.",miners; labor unions,"Seattle, Washington",47.62135367,-122.3517407,"MG 5, Stanly Easton. Papers, 1900-1916, University of Idaho Library Special Collections and Archives",MG5_F001_043,text,Letter,application/pdf,https://creativecommons.org/publicdomain/mark/1.0/
Ross Chadderdon,Hist454-RC005,https://www.lib.uidaho.edu/digital/objects/tabor/pg83-b05-f46-024_001.jpg,,"Labor building on Bank Street, Wallace","Tabor's Photo Service, Wallace Idaho",1942-06-16,"The Labor building on Bank Street in Wallace, Idaho. Two cars are parked in front of the building.",employment agencies; building,"Wallace, Idaho",47.4741,-115.9279,"PG 83, George W. Tabor Photographs, 1890-2141, https://www.lib.uidaho.edu/digital/tabor/items/tabor0177.html",pg83-b05-f46-024_001,Image;StillImage,image,image/jpeg,http://rightsstatements.org/vocab/InC-EDU/1.0/
Ross Chadderdon,Hist454-RC006,https://www.lib.uidaho.edu/digital/objects/tabor/pg83-b05-f47-001_001.jpg,,"Possible Funeral for a mining accident that killed 10 people after a cable broke, Mullan, Idaho","Tabor's Photo Service, Wallace Idaho",1936-10-05,"People gather after a mining accident that killed 10 people at Morning Mine. Large bags, containing the bodies of the dead, are being brought out. Machinery and buildings can be seen in the background.",accidents; mining; funeral,"Mullan, Idaho",47.47018875,-115.8011691,"PG 83, George W. Tabor Photographs, 1890-2164, https://www.lib.uidaho.edu/digital/tabor/items/tabor0200.html",pg83-b05-f47-001_001,Image;StillImage,photograph,image/jpeg,http://rightsstatements.org/vocab/InC-EDU/1.0/
Ross Chadderdon,Hist454-RC007,https://www.lib.uidaho.edu/digital/objects/tabor/pg83-b05-f47-005_004.jpg,,Man standing next to Coeur d'Alene Mining District Mine Rescue Car,"Tabor's Photo Service, Wallace Idaho",1939-01-12,"A man stands next to a Coeur d'Alene Mining District Mine Rescue Car. The text on the automobile also reads ""Wallace Idaho 1939.""",automobiles; mines,"Coeur D'Alene, Idaho",47.6745,-116.7812,"PG 83, George W. Tabor Photographs, 1890-2164, https://www.lib.uidaho.edu/digital/tabor/items/tabor0217.html",pg83-b05-f47-005_004,Image;StillImage,photograph,image/jpeg,http://rightsstatements.org/vocab/InC-EDU/1.0/
